{
    "music_volume": 0,
    "sfx_volume": 0.5533333333333333,
    "gravity": 1.8353333333333333,
    "thrust_power": 8
}