{
    "music_volume": 0,
    "sfx_volume": 0,
    "gravity": 0.3976666666666667,
    "thrust_power": 6.256666666666667
}